{ 
 "title": {
   "start_date": {
   },
   "end_date": {
   },
   "display_date": " ",
   "text": {
      "headline": "Google Spreadsheet Example",
      "text": "This is a test of using google spreadsheets as a source for the timeline tool. This is a 'title' slide, so it doesn't need a date. It automatically occurs first, and doesn't appear in the timeline below."
   },
   "media": {
      "url": "http://www.flickr.com/photos/zachwise/6115056146/in/photostream",
      "credit": "Zach Wise/verite.co",
      "caption": "<a href=\"http://www.flickr.com/photos/zachwise/6115056146/\" title=\"Chicago by zach.wise, on Flickr\">Chicago by zach.wise</a>"
   },
   "group": " ",
   "background": {
      "color": " "
   },
   "unique_id": 4
},
 "events": [
   {
      "start_date": {
         "year": 2011,
         "month": 11,
         "day": 16,
         "hour": 5,
         "minute": 58,
         "second": 44
      },
      "end_date": {
         "year": "2011",
         "month": "11",
         "day": "16",
         "hour": 7,
         "minute": 30
      },
      "display_date": " ",
      "text": {
         "headline": "Vimeo Example",
         "text": "Illustrate your Timeline with photos, videos, tweets and more."
      },
      "media": {
         "url": "https://vimeo.com/143407878",
         "credit": "Knight Lab",
         "caption": "A video about how to make timelines!"
      },
      "group": " "
   },
   {
      "start_date": {
         "year": 2011,
         "month": 11,
         "day": 1
      },
      "end_date": {
         "year": "2011",
         "month": "12",
         "day": "15"
      },
      "display_date": " ",
      "text": {
         "headline": "Another Flickr Example",
         "text": "It's Easy to Make Your Own Timeline"
      },
      "media": {
         "url": "http://www.flickr.com/photos/zachwise/6894476777/in/photostream",
         "credit": "Zach Wise/verite.co",
         "caption": "Chicago to NYC"
      },
      "group": " ",
      "background": {
         "color": "#ff0000"
      }
   },
   {
      "start_date": {
         "year": 2022,
         "month": 9,
         "day": 6
      },
      "display_date": " ",
      "text": {
         "headline": "Html support",
         "text": "<p> Click  <a href=\"https://knightlab.northwestern.edu/\"target=\"_blank\" rel=\"noopener\">HERE </a> to visit Knightlab Home Page. </p>"
      },
      "group": " "
   }
]}
