{
 "events": [
   {
      "start_date": {
         "year": "1963"
      },
      "display_date": " ",
      "text": {
         "headline": "A Musical Heritage",
         "text": "<p>Born in New Jersey on August 9th, 1963, Houston grew up surrounded by the music business. Her mother is gospel singer Cissy Houston and her cousins are Dee Dee and Dionne Warwick.</p>"
      },
      "media": {
         "url": "https://live.staticflickr.com/2081/2310475988_5d0707afba_z.jpg",
         "credit": "Cissy Houston photo:<a href='http://www.flickr.com/photos/11447043@N00/418180903/'>Tom Marcello</a><br/><a href='http://commons.wikimedia.org/wiki/File%3ADionne_Warwick_television_special_1969.JPG'>Dionne Warwick: CBS Television via Wikimedia Commons</a>",
         "caption": "Cissy Houston photo:<a href='http://www.flickr.com/photos/11447043@N00/418180903/'>Tom Marcello</a><br/><a href='http://commons.wikimedia.org/wiki/File%3ADionne_Warwick_television_special_1969.JPG'>Dionne Warwick: CBS Television via Wikimedia Commons</a>"
      },
      "group": " "
   },
   {
      "start_date": {
         "year": "1978"
      },
      "display_date": " ",
      "text": {
         "headline": "First Recording",
         "text": "At the age of 15 Houston was featured on Michael Zager's song, Life's a Party."
      },
      "media": {
         "url": "https://youtu.be/fSrO91XO1Ck",
         "credit": "<a href=\"http://unidiscmusic.com\">Unidisc Music</a>",
         "caption": "<a href=\"http://unidiscmusic.com\">Unidisc Music</a>"
      },
      "group": " "
   },
   {
      "start_date": {
         "year": "1978"
      },
      "display_date": " ",
      "text": {
         "headline": "The Early Years",
         "text": "As a teen Houston's credits include background vocals for Jermaine Jackson, Lou Rawls and the Neville Brothers. She also sang on Chaka Khan's, 'I'm Every Woman,' a song which she later remade for the <i>Bodyguard</i> soundtrack which is the biggest selling soundtrack of all time. It sold over 42 million copies worldwide."
      },
      "media": {
         "url": "https://youtu.be/_gvJCCZzmro",
         "credit": "EbonyJet",
         "caption": "EbonyJet"
      },
      "group": " "
   },
   {
      "start_date": {
         "year": "1978"
      },
      "display_date": " ",
      "text": {
         "headline": "Early Album Credits",
         "text": "As a teen Houston's credits include background vocals for Jermaine Jackson, Lou Rawls and the Neville Brothers. She also sang on Chaka Khan's, 'I'm Every Woman,' a song which she later remade for the <i>Bodyguard</i> soundtrack which is the biggest selling soundtrack of all time. It sold over 42 million copies worldwide."
      },
      "media": {
         "url": "https://youtu.be/H7_sqdkaAfo",
         "credit": "Arista Records",
         "caption": "Arista Records"
      },
      "group": " "
   },
   {
      "start_date": {
         "year": "1983"
      },
      "display_date": " ",
      "text": {
         "headline": "Signed",
         "text": "Houston is signed to Arista Records after exec Clive Davis sees her performing on stage with her mother in New York."
      },
      "media": {
         "url": "https://youtu.be/A4jGzNm2yPI",
         "credit": "Sony Music Entertainment",
         "caption": "Sony Music Entertainment"
      },
      "group": " "
   },
   {
      "start_date": {
         "year": "1985"
      },
      "display_date": " ",
      "text": {
         "headline": "Debut",
         "text": "Whitney Houston's self titled first release sold over 12 million copies in the U.S. and included the hit singles 'How Will I Know,' 'You Give Good Love,' 'Saving All My Love For You' and 'Greatest Love of All.'"
      },
      "media": {
         "url": "https://youtu.be/m3-hY-hlhBg",
         "credit": "Arista Records Inc.",
         "caption": "Arista Records Inc."
      },
      "group": " "
   },
   {
      "start_date": {
         "year": "1986"
      },
      "display_date": " ",
      "text": {
         "headline": "'The Grammys'",
         "text": "In 1986 Houston won her first Grammy for the song Saving All My Love. In total she has won six Grammys, the last of which she won in 1999 for It's Not Right But It's Okay."
      },
      "media": {
         "url": "https://youtu.be/v0XuiMX1XHg",
         "credit": "<a href='http://grammy.org'>The Recording Academy</a>",
         "caption": "<a href='http://grammy.org'>The Recording Academy</a>"
      },
      "group": " "
   },
   {
      "start_date": {
         "year": "1987"
      },
      "display_date": " ",
      "text": {
         "headline": "'Whitney'",
         "text": "Multiplatinum second album sells more than 20 million copies worldwide. With 'Whitney', Houston became the first female artist to produce four number 1 singles on one album including \"I Wanna Dance With Somebody,' 'Didn't We Almost Have It All,' 'So Emotional' and 'Where Do Broken Hearts Go.'"
      },
      "media": {
         "url": "https://youtu.be/eH3giaIzONA",
         "credit": "Arista Records Inc.",
         "caption": "Arista Records Inc."
      },
      "group": " "
   },
   {
      "start_date": {
         "year": "1988"
      },
      "display_date": " ",
      "text": {
         "headline": "\"One Moment In Time\"",
         "text": "The artist's fame continues to skyrocket as she records the theme song for the Seoul Olympics, 'One Moment In Time.'"
      },
      "media": {
         "url": "https://youtu.be/96aAx0kxVSA",
         "credit": "Arista Records Inc.",
         "caption": "Arista Records Inc."
      },
      "group": " "
   },
   {
      "start_date": {
         "year": "1989"
      },
      "display_date": " ",
      "text": {
         "headline": "Bobby Brown",
         "text": "Houston and Brown first meet at the Soul Train Music Awards. In an interview with Rolling Stone Magazine, Houston admitted that it was not love at first sight. She turned down Brown's first marriage proposal but eventually fell in love with him."
      },
      "group": " "
   },
   {
      "start_date": {
         "year": "1991"
      },
      "display_date": " ",
      "text": {
         "headline": "Super Bowl",
         "text": "Houston's national anthem performance captures the hearts and minds of Americans ralllying behind soldiers in the Persian Guf War."
      },
      "media": {
         "url": "https://youtu.be/5Fa09teeaqs",
         "credit": "CNN",
         "caption": "CNN"
      },
      "group": " "
   },
   {
      "start_date": {
         "year": "1992"
      },
      "display_date": " ",
      "text": {
         "headline": "\"The Bodyguard\"",
         "text": "Houston starred opposite Kevin Costner in the box office hit, The Bodyguard. The soundtrack to the movie sold over 44 million copies worldwide  garnering 3 Grammy's for the artist."
      },
      "media": {
         "url": "https://youtu.be/h9rCobRl-ng",
         "credit": "Arista Records",
         "caption": "Arista Records"
      },
      "group": " "
   },
   {
      "start_date": {
         "year": "1992"
      },
      "display_date": " ",
      "text": {
         "headline": "Married Life",
         "text": "<p>After three years of courtship, Houston marries New Edition singer Bobby Brown. Their only child Bobbi Kristina Brown was born in 1993.</p><p>In 2003 Brown was charged with domestic violence after police responded to a domestic violence call. Houston and Brown were featured in the reality show, \"Being bobby Brown,\" and divorced in 2007.</p>"
      },
      "media": {
         "url": "https://youtu.be/5cDLZqe735k"
      },
      "group": " "
   },
   {
      "start_date": {
         "year": "2002"
      },
      "display_date": " ",
      "text": {
         "headline": "Crack is Whack",
         "text": "<p>Houston first publicly admitted to drug use in an interview with Diane Sawyer. The singer coined the term \"Crack is Whack,\" saying that she only used more expensive drugs.</p>"
      },
      "media": {
         "url": "//upload.wikimedia.org/wikipedia/commons/d/dd/ABC_-_Good_Morning_America_-_Diane_Sawyer.jpg",
         "credit": "flickr/<a href='http://www.flickr.com/photos/23843757@N00/194521206/'>Amanda Benham</a>",
         "caption": "flickr/<a href='http://www.flickr.com/photos/23843757@N00/194521206/'>Amanda Benham</a>"
      },
      "group": " "
   },
   {
      "start_date": {
         "year": "2004"
      },
      "display_date": " ",
      "text": {
         "headline": "Rehab",
         "text": "<p>Houston entered rehab several times beginning in 2004. She declared herself drug free in an interview with Oprah Winfrey in 2009 but returned to rehab in 2011.</p>"
      },
      "media": {
         "url": "https://youtu.be/KLk6mt8FMR0",
         "credit": "CNN",
         "caption": "CNN"
      },
      "group": " "
   },
   {
      "start_date": {
         "year": "2005"
      },
      "display_date": " ",
      "text": {
         "headline": "Being Bobby Brown",
         "text": "<p>Being Bobby Brown was a reality show starring Brown and wife Whitney Houston. Houston refused to sign for a second season. A clip of her telling Brown to \"Kiss my ass,\" became a running gag on The Soup.</p>"
      },
      "group": " "
   },
   {
      "start_date": {
         "year": "2010"
      },
      "display_date": " ",
      "text": {
         "headline": "A Rocky Comeback",
         "text": "<p>Houston's comeback tour is cut short due to a diminished voice damaged by years of smoking. She was reportedly devastated at her inability to perform like her old self.</p>"
      },
      "group": " "
   },
   {
      "start_date": {
         "year": "2012"
      },
      "display_date": " ",
      "text": {
         "headline": "Whitney Houston<br/> 1963-2012",
         "text": "<p>Houston, 48, was discovered dead at the Beverly Hilton Hotel on  on Feb. 11, 2012. She is survived by her daughter, Bobbi Kristina Brown, and mother, Cissy Houston.</p>"
      },
      "media": {
         "url": "//upload.wikimedia.org/wikipedia/commons/0/0f/Flickr_Whitney_Houston_performing_on_GMA_2009_4.jpg",
         "credit": "<a href='http://commons.wikimedia.org/wiki/File%3AFlickr_Whitney_Houston_performing_on_GMA_2009_4.jpg'>Asterio Tecson</a> via Wikimedia",
         "caption": "<a href='http://commons.wikimedia.org/wiki/File%3AFlickr_Whitney_Houston_performing_on_GMA_2009_4.jpg'>Asterio Tecson</a> via Wikimedia"
      },
      "group": " "
   }
]}
